{"cameraMode":{"drawMode":0,"name":"Shaded","section":"Shading Mode"},"sceneLighting":false,"audioPlay":false,"sceneViewState":{"showFog":true,"showMaterialUpdate":false,"showSkybox":true,"showFlares":true,"showImageEffects":true,"showParticleSystems":true},"in2DMode":false,"pivot":{"x":-295.8348693847656,"y":23.290332794189454,"z":-1.066502571105957},"rotation":{"x":0.127768874168396,"y":0.48369327187538149,"z":-0.0716199204325676,"w":0.8629059195518494},"size":11.339374542236329,"orthographic":false}